{"cameraMode":{"drawMode":0,"name":"Shaded","section":"Shading Mode"},"sceneLighting":true,"audioPlay":false,"sceneViewState":{"m_AlwaysRefresh":false,"showFog":true,"showSkybox":true,"showFlares":true,"showImageEffects":true,"showParticleSystems":true,"showVisualEffectGraphs":true,"m_FxEnabled":true},"in2DMode":false,"pivot":{"x":63.621055603027347,"y":8.001958847045899,"z":20.59170150756836},"rotation":{"x":0.06828802078962326,"y":-0.7501375675201416,"z":0.07843610644340515,"w":0.6530783176422119},"size":19.433176040649415,"orthographic":false}