{"cameraMode":{"drawMode":0,"name":"Shaded","section":"Shading Mode"},"sceneLighting":true,"audioPlay":false,"sceneViewState":{"m_AlwaysRefresh":false,"showFog":true,"showSkybox":true,"showFlares":true,"showImageEffects":true,"showParticleSystems":true,"showVisualEffectGraphs":true,"m_FxEnabled":true},"in2DMode":false,"pivot":{"x":89.59397888183594,"y":-0.39168667793273928,"z":22.67729949951172},"rotation":{"x":0.08623078465461731,"y":-0.6238430142402649,"z":0.06953246891498566,"w":0.7736613750457764},"size":7.396435737609863,"orthographic":false}