{"cameraMode":{"drawMode":0,"name":"Shaded","section":"Shading Mode"},"sceneLighting":true,"audioPlay":false,"sceneViewState":{"m_AlwaysRefresh":false,"showFog":true,"showSkybox":true,"showFlares":true,"showImageEffects":true,"showParticleSystems":true,"showVisualEffectGraphs":true,"m_FxEnabled":true},"in2DMode":false,"pivot":{"x":-0.027369603514671327,"y":1.0973572731018067,"z":0.001963973045349121},"rotation":{"x":0.09835174679756165,"y":-0.11620797216892243,"z":0.012038473039865494,"w":0.9883421659469605},"size":0.4905520975589752,"orthographic":false}