{"cameraMode":{"drawMode":0,"name":"Shaded","section":"Shading Mode"},"sceneLighting":true,"audioPlay":false,"sceneViewState":{"m_AlwaysRefresh":false,"showFog":true,"showSkybox":true,"showFlares":true,"showImageEffects":true,"showParticleSystems":true,"showVisualEffectGraphs":true,"m_FxEnabled":true},"in2DMode":false,"pivot":{"x":98.89865112304688,"y":1.9785027503967286,"z":16.59025764465332},"rotation":{"x":0.017663078382611276,"y":0.6232049465179443,"z":0.015362638980150223,"w":-0.7831263542175293},"size":0.4190080165863037,"orthographic":false}