{"cameraMode":{"drawMode":0,"name":"Shaded","section":"Shading Mode"},"sceneLighting":true,"audioPlay":false,"sceneViewState":{"m_AlwaysRefresh":false,"showFog":true,"showSkybox":true,"showFlares":true,"showImageEffects":true,"showParticleSystems":true,"showVisualEffectGraphs":true,"m_FxEnabled":true},"in2DMode":false,"pivot":{"x":13.636966705322266,"y":7.2296905517578129,"z":-13.639132499694825},"rotation":{"x":-0.024227876216173173,"y":-0.8515998721122742,"z":-0.04433466121554375,"w":0.5226388573646545},"size":24.24871063232422,"orthographic":false}