{"cameraMode":{"drawMode":0,"name":"Shaded","section":"Shading Mode"},"sceneLighting":true,"audioPlay":false,"sceneViewState":{"m_AlwaysRefresh":false,"showFog":true,"showSkybox":true,"showFlares":true,"showImageEffects":true,"showParticleSystems":true,"showVisualEffectGraphs":true,"m_FxEnabled":true},"in2DMode":false,"pivot":{"x":4.855295181274414,"y":1.1773146390914918,"z":6.344594478607178},"rotation":{"x":-0.10860171169042587,"y":-0.7052345871925354,"z":0.11298224329948425,"w":-0.6925293207168579},"size":0.43151718378067019,"orthographic":false}