{"cameraMode":{"drawMode":0,"name":"Shaded","section":"Shading Mode"},"sceneLighting":true,"audioPlay":false,"sceneViewState":{"m_AlwaysRefresh":false,"showFog":true,"showSkybox":true,"showFlares":true,"showImageEffects":true,"showParticleSystems":true,"showVisualEffectGraphs":true,"m_FxEnabled":true},"in2DMode":false,"pivot":{"x":0.17323419451713563,"y":1.100574254989624,"z":9.742166519165039},"rotation":{"x":0.028677135705947877,"y":-0.6955353617668152,"z":0.027850421145558358,"w":0.7174192667007446},"size":0.14698050916194917,"orthographic":false}