{"cameraMode":{"drawMode":0,"name":"Shaded","section":"Shading Mode"},"sceneLighting":false,"audioPlay":false,"sceneViewState":{"m_AlwaysRefresh":false,"showFog":true,"showSkybox":false,"showFlares":true,"showImageEffects":true,"showParticleSystems":true,"showVisualEffectGraphs":true,"m_FxEnabled":true},"in2DMode":false,"pivot":{"x":0.12092521786689758,"y":2.3262922763824465,"z":0.6130180358886719},"rotation":{"x":-0.3086979389190674,"y":-0.0055700503289699558,"z":-0.00032024996471591294,"w":-0.9520629644393921},"size":1.7136746644973755,"orthographic":false}