{"cameraMode":{"drawMode":0,"name":"Shaded","section":"Shading Mode"},"sceneLighting":false,"audioPlay":false,"sceneViewState":{"m_AlwaysRefresh":false,"showFog":true,"showSkybox":false,"showFlares":true,"showImageEffects":true,"showParticleSystems":true,"showVisualEffectGraphs":true,"m_FxEnabled":true},"in2DMode":false,"pivot":{"x":-0.8834244608879089,"y":1.5810517072677613,"z":0.8895270228385925},"rotation":{"x":0.028262516483664514,"y":-0.38791459798812868,"z":0.011870908550918103,"w":0.922038733959198},"size":1.445911169052124,"orthographic":false}