{"cameraMode":{"drawMode":0,"name":"Shaded","section":"Shading Mode"},"sceneLighting":false,"audioPlay":false,"sceneViewState":{"m_AlwaysRefresh":false,"showFog":true,"showSkybox":false,"showFlares":true,"showImageEffects":true,"showParticleSystems":true,"showVisualEffectGraphs":true,"m_FxEnabled":true},"in2DMode":false,"pivot":{"x":5.4113945960998539,"y":0.2966153621673584,"z":4.792903900146484},"rotation":{"x":-0.11028964072465897,"y":-0.33193930983543398,"z":0.03687959536910057,"w":-0.9370479583740234},"size":5.614683151245117,"orthographic":false}