{"cameraMode":{"drawMode":0,"name":"Shaded","section":"Shading Mode"},"sceneLighting":false,"audioPlay":false,"sceneViewState":{"m_AlwaysRefresh":false,"showFog":true,"showSkybox":false,"showFlares":true,"showImageEffects":true,"showParticleSystems":true,"showVisualEffectGraphs":true,"m_FxEnabled":true},"in2DMode":false,"pivot":{"x":-2.9145305156707765,"y":0.11635879427194596,"z":-4.2020673751831059},"rotation":{"x":0.3329068422317505,"y":0.13524293899536134,"z":-0.047280676662921908,"w":0.9329002499580383},"size":3.535956621170044,"orthographic":false}